{
    "loss": 0.5733900666236877,
    "accuracy": 0.9354838728904724
}