{
    "loss": 0.6868491172790527,
    "accuracy": 0.9193548560142517
}