{
    "loss": 6.618563652038574,
    "accuracy": 0.8870967626571655
}